enrollment_id,employee_id,training_id,enrollment_date,completion_date,status,grade,feedback_score
1,1,2,2021-12-16,2022-02-09,Dropped,B,
2,1,8,2022-08-07,2022-10-25,In Progress,A,
3,1,9,2021-11-16,2022-01-09,In Progress,A,2.0
4,2,6,2021-09-21,2021-12-03,In Progress,A,
5,3,6,2022-08-29,2022-10-26,Enrolled,,
6,3,1,2022-06-21,2022-08-26,In Progress,,5.0
7,3,10,2022-10-25,2023-01-12,In Progress,A,3.0
8,4,7,2022-10-26,2023-01-01,Completed,B,
9,4,8,2022-11-29,2023-02-05,Completed,F,2.0
10,4,1,2022-03-19,2022-06-14,Enrolled,C,5.0
11,5,4,2021-03-11,2021-05-25,Completed,F,
12,5,9,2021-04-05,2021-05-13,Completed,F,
13,5,7,2021-03-17,2021-05-18,Enrolled,,3.0
14,6,8,2022-05-04,2022-07-02,Enrolled,,
15,6,9,2021-10-03,2021-11-24,In Progress,B,
16,7,7,2020-07-30,2020-10-02,In Progress,A,
17,7,8,2020-09-08,2020-11-01,Enrolled,F,4.0
18,8,10,2021-10-07,2021-11-30,In Progress,F,
19,8,9,2021-10-13,2021-12-13,In Progress,B,
20,9,10,2021-03-13,2021-06-01,Completed,,4.0
21,9,4,2022-01-17,2022-02-27,In Progress,C,3.0
22,9,8,2021-03-09,2021-05-20,Completed,D,
23,10,10,2021-08-18,2021-09-19,Enrolled,,2.0
24,10,6,2021-03-23,2021-06-18,In Progress,,
25,10,8,2021-05-10,2021-06-26,Completed,B,
26,11,10,2021-08-22,2021-09-29,Completed,F,
27,11,7,2021-08-17,2021-10-26,In Progress,,5.0
28,12,10,2021-07-05,2021-09-28,In Progress,F,3.0
29,12,5,2021-10-07,2021-11-16,Completed,A,
30,12,7,2021-06-17,2021-08-20,Completed,,
31,13,6,2022-05-21,2022-06-30,In Progress,D,2.0
32,14,9,2022-08-21,2022-10-04,Enrolled,F,
33,14,6,2023-01-05,2023-02-27,Enrolled,,
34,15,5,2020-07-18,2020-09-25,Completed,D,
35,15,7,2020-11-20,2021-01-03,Enrolled,B,
36,15,6,2021-05-27,2021-08-04,Enrolled,,1.0
37,16,10,2021-09-25,2021-10-28,In Progress,F,
38,16,8,2022-04-26,2022-06-10,Completed,A,3.0
39,17,7,2020-07-25,2020-08-29,Completed,C,
40,18,6,2021-11-25,2022-01-06,Enrolled,B,3.0
41,19,4,2022-04-18,2022-05-24,In Progress,D,
42,19,7,2022-01-02,2022-02-03,Enrolled,F,
43,19,8,2021-10-08,2021-12-21,Enrolled,C,1.0
44,20,3,2023-02-21,2023-05-01,Enrolled,,
45,20,8,2023-05-23,2023-06-25,In Progress,D,3.0
46,21,3,2022-05-10,2022-07-12,Completed,D,2.0
47,21,4,2022-02-05,2022-04-11,Dropped,D,3.0
48,22,9,2023-03-31,2023-05-28,Completed,C,2.0
49,22,7,2023-03-08,2023-05-22,Completed,F,
50,22,8,2022-11-19,2023-01-22,Completed,,
51,23,6,2022-12-14,2023-02-14,In Progress,C,1.0
52,23,5,2023-04-21,2023-06-11,Enrolled,B,1.0
53,24,3,2021-09-20,2021-11-12,In Progress,F,1.0
54,25,3,2023-01-09,2023-04-05,Enrolled,C,
55,26,4,2020-08-07,2020-09-26,Completed,D,5.0
56,27,7,2022-05-17,2022-08-02,In Progress,,3.0
57,28,5,2021-05-31,2021-08-08,Dropped,D,
58,28,9,2020-11-17,2021-01-17,In Progress,D,
59,29,8,2021-02-02,2021-04-20,Enrolled,B,
60,29,5,2021-08-08,2021-10-24,In Progress,C,
61,29,7,2021-03-05,2021-06-03,Enrolled,F,2.0
62,30,9,2021-03-24,2021-06-15,Enrolled,B,5.0
63,30,2,2021-02-28,2021-05-25,Enrolled,,
64,30,3,2021-11-01,2021-12-06,Enrolled,D,1.0
65,31,4,2020-12-28,2021-02-06,In Progress,,
66,31,7,2020-10-15,2020-11-15,In Progress,D,
67,31,5,2021-01-12,2021-03-28,Enrolled,,
68,32,3,2021-04-06,2021-06-05,Dropped,C,
69,33,6,2022-08-20,2022-09-27,Dropped,B,3.0
70,33,9,2022-02-26,2022-05-06,Enrolled,F,
71,33,5,2022-06-29,2022-09-24,In Progress,,4.0
72,34,9,2022-12-10,2023-02-23,Dropped,A,
73,35,2,2023-05-04,2023-07-16,In Progress,B,
74,36,4,2022-10-19,2022-11-29,In Progress,B,4.0
75,36,3,2022-08-01,2022-09-06,Dropped,C,3.0
76,36,1,2022-09-03,2022-11-07,In Progress,B,3.0
77,37,6,2020-11-07,2021-01-11,Completed,C,
78,37,4,2020-07-29,2020-09-28,Dropped,,
79,37,9,2020-09-17,2020-10-27,Dropped,C,1.0
80,38,6,2022-04-05,2022-06-25,Dropped,F,2.0
81,38,5,2022-01-28,2022-04-06,Dropped,A,5.0
82,38,9,2021-09-11,2021-11-08,Enrolled,B,3.0
83,39,10,2022-11-24,2023-02-10,Dropped,,2.0
84,40,6,2021-02-07,2021-05-08,In Progress,B,1.0
85,40,3,2020-06-06,2020-07-14,Completed,D,5.0
86,41,3,2020-04-01,2020-06-26,Enrolled,C,
87,42,8,2023-01-18,2023-04-01,In Progress,,
88,42,9,2023-04-13,2023-06-04,In Progress,B,
89,42,10,2022-08-24,2022-11-13,Enrolled,B,3.0
90,43,4,2021-01-20,2021-02-24,Completed,A,
91,43,7,2020-03-30,2020-05-21,In Progress,B,1.0
92,44,10,2022-10-05,2022-12-23,Completed,,1.0
93,45,4,2020-07-14,2020-09-23,In Progress,A,1.0
94,45,8,2020-12-15,2021-02-09,Dropped,A,5.0
95,46,2,2021-09-17,2021-11-11,Enrolled,,2.0
96,46,10,2021-09-02,2021-10-15,In Progress,A,
97,47,8,2020-06-17,2020-07-24,Enrolled,A,4.0
98,47,3,2020-12-13,2021-01-18,In Progress,B,1.0
99,48,1,2021-02-03,2021-04-16,Dropped,B,5.0
100,48,8,2020-11-29,2020-12-31,Completed,F,4.0
101,48,3,2021-02-22,2021-04-14,In Progress,F,2.0
102,49,5,2020-06-03,2020-07-12,Completed,B,1.0
103,49,9,2020-09-03,2020-10-04,Dropped,,3.0
104,50,10,2021-09-07,2021-10-15,In Progress,F,
105,51,3,2023-01-03,2023-02-14,Completed,C,
106,51,1,2022-04-09,2022-06-29,Enrolled,B,
107,52,10,2022-12-24,2023-03-16,Enrolled,A,4.0
108,53,3,2020-09-14,2020-10-26,Dropped,C,
109,54,6,2020-09-03,2020-10-16,Enrolled,C,2.0
110,54,7,2020-07-12,2020-08-20,Dropped,A,
111,54,5,2020-08-31,2020-10-23,In Progress,D,5.0
112,55,5,2021-12-05,2022-02-11,Enrolled,D,4.0
113,55,1,2022-04-17,2022-07-11,Enrolled,D,2.0
114,56,5,2021-06-09,2021-08-19,Enrolled,C,
115,57,3,2022-08-21,2022-11-03,Completed,A,1.0
116,57,1,2022-07-02,2022-08-02,Completed,D,
117,58,8,2022-08-06,2022-10-14,Enrolled,C,
118,58,6,2022-12-29,2023-03-12,Completed,C,
119,58,7,2022-10-05,2022-12-27,In Progress,B,
120,59,2,2021-02-06,2021-04-06,Dropped,A,1.0
121,59,3,2021-07-12,2021-08-14,Enrolled,F,1.0
122,60,1,2023-03-01,2023-05-05,In Progress,A,
123,61,5,2021-12-05,2022-01-14,Dropped,F,5.0
124,61,2,2021-04-05,2021-06-07,Enrolled,,
125,62,2,2023-06-13,2023-07-14,Enrolled,C,4.0
126,62,3,2022-09-26,2022-11-07,Enrolled,D,
127,63,4,2022-07-19,2022-09-16,In Progress,C,1.0
128,64,6,2021-03-26,2021-05-26,Completed,B,
129,64,9,2021-02-02,2021-03-11,In Progress,A,5.0
130,65,3,2022-07-28,2022-10-21,Completed,D,
131,65,6,2022-06-05,2022-08-12,Completed,D,2.0
132,66,9,2020-08-06,2020-09-26,In Progress,,5.0
133,67,3,2021-03-20,2021-06-11,Dropped,D,
134,67,8,2021-01-25,2021-03-01,Completed,F,5.0
135,68,3,2022-07-27,2022-08-27,Enrolled,A,
136,69,7,2021-07-19,2021-09-06,Completed,,1.0
137,69,10,2021-07-27,2021-08-29,Dropped,F,
138,70,8,2021-11-01,2021-12-02,Completed,F,5.0
139,70,2,2022-07-22,2022-08-25,Completed,F,3.0
140,70,5,2022-02-17,2022-04-30,Enrolled,C,1.0
141,71,10,2022-01-12,2022-04-03,Completed,,
142,71,9,2022-07-14,2022-10-02,Dropped,,1.0
143,72,8,2023-02-07,2023-04-06,Enrolled,D,
144,73,9,2022-12-18,2023-03-16,Dropped,A,2.0
145,73,5,2023-01-25,2023-03-14,Enrolled,D,
146,73,2,2023-03-10,2023-04-26,In Progress,B,3.0
147,74,3,2022-04-07,2022-06-18,Completed,F,5.0
148,74,4,2022-03-03,2022-05-23,Enrolled,A,
149,75,7,2022-08-31,2022-10-01,In Progress,D,5.0
150,76,9,2021-08-13,2021-09-17,Dropped,A,1.0
151,76,3,2022-05-08,2022-07-28,Completed,A,2.0
152,77,10,2023-05-20,2023-07-21,Dropped,B,1.0
153,77,9,2023-03-04,2023-04-04,Completed,,1.0
154,78,7,2021-12-20,2022-01-27,In Progress,A,
155,78,5,2021-09-20,2021-11-22,In Progress,F,
156,78,9,2021-12-06,2022-01-28,Dropped,A,1.0
157,79,5,2021-06-16,2021-07-18,Dropped,D,
158,80,2,2022-06-08,2022-08-01,Enrolled,C,
159,80,3,2022-04-19,2022-07-06,Enrolled,B,
160,81,10,2021-04-05,2021-06-16,Dropped,F,4.0
161,81,5,2020-12-19,2021-02-24,Dropped,,3.0
162,81,3,2020-06-24,2020-08-30,Completed,B,3.0
163,82,10,2022-01-11,2022-02-17,Completed,D,4.0
164,83,4,2020-12-24,2021-03-07,In Progress,C,
165,83,3,2021-01-29,2021-03-06,Dropped,F,
166,83,8,2020-11-02,2020-12-20,Enrolled,F,
167,84,5,2023-06-29,2023-08-13,Completed,F,
168,84,7,2022-10-06,2022-11-22,Dropped,F,
169,84,9,2022-12-09,2023-01-12,Dropped,A,5.0
170,85,2,2021-03-26,2021-05-05,Completed,F,4.0
171,85,7,2021-06-02,2021-08-05,In Progress,A,3.0
172,86,7,2022-07-23,2022-08-24,Dropped,B,
173,86,9,2022-04-02,2022-06-01,In Progress,F,
174,86,4,2022-07-17,2022-09-21,Enrolled,D,5.0
175,87,2,2022-01-24,2022-02-27,In Progress,A,3.0
176,88,10,2021-06-26,2021-08-01,In Progress,B,
177,88,3,2021-06-26,2021-09-21,Enrolled,C,2.0
178,88,4,2020-12-22,2021-03-20,Completed,C,4.0
179,89,1,2021-03-06,2021-06-02,Completed,C,
180,89,3,2020-11-16,2021-01-01,Enrolled,F,4.0
181,90,1,2021-08-19,2021-10-05,Enrolled,F,
182,90,4,2021-10-15,2022-01-07,Enrolled,D,
183,91,2,2022-05-15,2022-07-22,Enrolled,F,4.0
184,91,9,2022-08-27,2022-11-18,In Progress,A,
185,91,3,2022-02-12,2022-04-11,Completed,D,2.0
186,92,10,2021-01-18,2021-03-29,Dropped,C,
187,92,3,2021-05-12,2021-07-23,In Progress,,
188,93,10,2021-10-30,2022-01-27,Dropped,F,
189,93,9,2021-07-09,2021-08-28,Completed,F,
190,93,8,2021-10-31,2022-01-20,Enrolled,A,5.0
191,94,10,2022-01-04,2022-02-06,Dropped,C,4.0
192,95,1,2022-07-11,2022-09-09,Enrolled,D,2.0
193,95,6,2023-04-06,2023-06-09,Dropped,B,
194,95,2,2022-11-12,2022-12-27,Dropped,,1.0
195,96,10,2021-02-09,2021-04-18,Enrolled,D,
196,96,5,2020-08-06,2020-09-08,Enrolled,F,
197,96,6,2020-10-11,2020-11-29,Completed,B,3.0
198,97,7,2022-09-28,2022-12-06,Dropped,D,
199,97,5,2022-07-15,2022-08-17,Completed,D,
200,98,1,2020-08-14,2020-10-03,Dropped,C,
201,99,6,2022-07-23,2022-09-27,Dropped,C,
202,99,9,2022-10-30,2022-12-11,Enrolled,D,2.0
203,100,5,2021-11-08,2022-01-27,In Progress,,4.0
204,100,7,2021-10-16,2021-12-29,Completed,A,4.0
205,101,6,2021-07-07,2021-08-06,Dropped,B,1.0
206,101,10,2021-09-07,2021-10-16,Completed,B,
207,101,4,2022-01-15,2022-04-11,Dropped,,
208,102,7,2021-08-31,2021-11-08,Enrolled,D,1.0
209,102,3,2021-05-02,2021-06-12,Completed,,1.0
210,103,9,2022-10-22,2023-01-11,Dropped,A,5.0
211,103,5,2022-01-29,2022-03-06,Dropped,F,
212,104,8,2022-11-04,2022-12-16,Enrolled,B,
213,104,9,2023-04-15,2023-07-13,Enrolled,C,
214,105,7,2021-03-29,2021-06-21,In Progress,,
215,106,3,2021-08-04,2021-10-31,In Progress,A,5.0
216,107,4,2022-07-08,2022-08-21,Dropped,C,
217,107,8,2022-10-13,2022-11-15,Dropped,F,
218,108,3,2023-05-13,2023-06-23,Completed,B,5.0
219,108,6,2022-12-20,2023-02-20,Completed,C,
220,108,5,2023-01-07,2023-02-09,Enrolled,,
221,109,5,2021-11-21,2022-01-31,Dropped,C,2.0
222,109,6,2021-08-06,2021-09-12,In Progress,B,4.0
223,110,9,2021-05-09,2021-07-24,Enrolled,D,
224,110,8,2021-01-15,2021-04-03,In Progress,B,
225,111,3,2020-05-07,2020-06-18,Dropped,,1.0
226,111,8,2020-12-21,2021-02-11,Enrolled,,1.0
227,111,10,2021-02-26,2021-05-17,Dropped,B,3.0
228,112,4,2022-05-23,2022-07-30,In Progress,C,3.0
229,112,1,2022-09-22,2022-12-18,In Progress,C,3.0
230,113,1,2021-06-08,2021-08-24,Enrolled,F,4.0
231,114,8,2021-09-09,2021-11-10,Enrolled,D,
232,114,9,2021-07-13,2021-08-29,Completed,C,
233,115,5,2021-11-12,2022-02-02,In Progress,F,
234,115,7,2021-11-18,2022-01-17,In Progress,D,1.0
235,116,6,2022-01-28,2022-04-02,Dropped,F,
236,116,4,2022-08-16,2022-11-01,Dropped,F,
237,116,2,2022-09-10,2022-11-12,In Progress,,3.0
238,117,8,2021-12-28,2022-02-02,Completed,D,3.0
239,117,3,2021-11-05,2021-12-19,Enrolled,A,
240,118,5,2022-08-28,2022-11-23,In Progress,F,5.0
241,118,3,2023-02-07,2023-03-19,In Progress,B,2.0
242,118,10,2022-08-18,2022-10-28,Dropped,A,
243,119,10,2022-09-13,2022-10-24,Enrolled,,2.0
244,120,2,2021-11-04,2022-01-25,Enrolled,A,2.0
245,121,1,2020-05-17,2020-06-20,Dropped,D,
246,122,2,2022-09-03,2022-11-04,Dropped,,
247,122,1,2022-10-20,2022-11-19,Enrolled,C,3.0
248,123,2,2020-11-20,2021-02-16,In Progress,F,
249,123,5,2021-04-01,2021-06-11,In Progress,,5.0
250,124,1,2021-01-24,2021-04-14,In Progress,B,
251,124,8,2020-11-28,2021-01-23,Completed,,1.0
252,124,5,2020-06-24,2020-08-05,Enrolled,D,
253,125,1,2022-02-07,2022-04-30,Completed,C,
254,126,2,2022-01-01,2022-03-29,Enrolled,D,
255,126,6,2022-07-09,2022-09-04,Completed,A,1.0
256,127,7,2020-05-18,2020-08-01,Enrolled,,3.0
257,127,6,2020-04-04,2020-06-24,Dropped,F,
258,127,5,2020-05-25,2020-07-19,Completed,F,
259,128,9,2021-10-17,2021-11-16,Completed,F,4.0
260,129,9,2023-02-26,2023-05-02,In Progress,D,
261,129,4,2022-12-19,2023-02-11,Dropped,A,5.0
262,130,9,2021-12-14,2022-03-11,Enrolled,D,
263,130,10,2022-01-31,2022-03-06,Completed,A,
264,131,7,2022-08-22,2022-11-14,Enrolled,F,
265,131,3,2022-07-14,2022-08-14,In Progress,B,1.0
266,131,6,2022-03-10,2022-05-06,Completed,D,4.0
267,132,5,2020-06-12,2020-08-16,Enrolled,F,
268,133,2,2021-04-21,2021-06-13,Completed,F,
269,134,8,2023-03-04,2023-05-02,Completed,,2.0
270,135,5,2021-12-05,2022-01-15,Enrolled,A,3.0
271,135,7,2021-03-19,2021-05-26,Dropped,B,
272,136,3,2022-05-11,2022-07-18,Dropped,C,4.0
273,136,10,2022-03-27,2022-06-16,Completed,,
274,137,3,2022-07-09,2022-08-30,Completed,C,
275,137,2,2021-10-22,2021-12-11,Dropped,F,1.0
276,138,3,2023-06-25,2023-09-16,Enrolled,,1.0
277,138,10,2022-11-15,2023-01-24,Dropped,B,
278,138,6,2023-05-11,2023-06-27,Enrolled,D,2.0
279,139,5,2023-04-05,2023-05-16,In Progress,F,
280,140,5,2021-11-17,2022-01-17,In Progress,B,
281,140,1,2022-05-22,2022-07-06,Enrolled,B,
282,140,9,2021-11-09,2022-01-02,Completed,A,
283,141,1,2021-11-02,2022-01-31,Enrolled,A,5.0
284,142,1,2021-08-10,2021-11-04,Enrolled,,3.0
285,142,3,2021-03-21,2021-05-17,Enrolled,,3.0
286,143,8,2021-05-14,2021-08-04,In Progress,B,1.0
287,144,2,2021-11-26,2022-01-15,Enrolled,A,
288,144,7,2021-06-07,2021-09-02,Enrolled,F,
289,145,6,2022-10-29,2022-12-07,Dropped,D,4.0
290,145,5,2022-05-28,2022-07-05,Completed,C,
291,145,4,2022-01-31,2022-03-28,Enrolled,F,4.0
292,146,5,2021-06-20,2021-07-25,In Progress,,1.0
293,147,6,2021-01-22,2021-03-15,Dropped,B,1.0
294,147,1,2021-07-02,2021-09-27,Completed,B,
295,148,5,2020-10-25,2020-12-15,In Progress,D,4.0
296,148,9,2020-11-10,2021-01-13,Dropped,A,
297,149,4,2021-05-06,2021-07-20,Completed,C,5.0
298,149,9,2021-06-18,2021-07-29,Completed,B,
299,150,5,2021-04-12,2021-05-15,Completed,C,4.0
300,150,7,2021-02-22,2021-05-22,Completed,,4.0
301,150,3,2021-01-10,2021-03-09,Completed,C,3.0
302,151,3,2021-08-21,2021-10-01,Enrolled,F,5.0
303,151,4,2021-04-24,2021-07-20,Completed,A,4.0
304,152,5,2022-04-12,2022-05-18,Enrolled,A,
305,152,1,2022-08-30,2022-11-28,Dropped,A,2.0
306,152,2,2022-05-31,2022-08-20,Completed,,
307,153,7,2022-06-20,2022-08-29,Enrolled,D,
308,153,1,2022-07-23,2022-09-11,Completed,,2.0
309,153,3,2022-03-26,2022-06-21,Enrolled,,2.0
310,154,6,2020-07-11,2020-08-10,In Progress,D,1.0
311,154,10,2020-11-21,2020-12-28,Completed,B,3.0
312,155,10,2021-02-01,2021-04-28,Completed,A,
313,155,5,2020-08-05,2020-09-06,Dropped,A,
314,155,8,2020-06-19,2020-09-11,In Progress,D,3.0
315,156,10,2022-03-14,2022-05-25,Enrolled,A,4.0
316,156,6,2022-04-12,2022-06-24,In Progress,C,2.0
317,156,1,2022-09-08,2022-10-15,Enrolled,C,
318,157,1,2022-12-16,2023-02-11,Enrolled,F,
319,158,2,2023-04-13,2023-06-01,Enrolled,B,
320,159,10,2021-07-20,2021-10-06,In Progress,C,
321,159,3,2021-04-09,2021-05-11,Completed,D,1.0
322,159,6,2021-02-23,2021-04-20,Dropped,F,1.0
323,160,10,2021-04-11,2021-05-14,Enrolled,F,
324,160,7,2021-02-14,2021-04-15,Completed,A,4.0
325,161,5,2021-03-28,2021-06-02,Completed,C,
326,161,3,2021-04-13,2021-05-14,Enrolled,D,
327,161,4,2021-08-10,2021-10-03,In Progress,C,
328,162,4,2021-09-23,2021-12-02,Completed,A,4.0
329,163,7,2022-04-30,2022-06-15,In Progress,D,3.0
330,164,8,2023-05-20,2023-07-05,In Progress,F,2.0
331,165,10,2020-09-05,2020-10-24,Completed,A,1.0
332,165,3,2020-05-31,2020-08-05,Enrolled,,
333,165,4,2020-06-07,2020-07-29,In Progress,A,
334,166,5,2021-10-05,2021-12-30,Enrolled,A,
335,166,4,2022-02-06,2022-04-05,In Progress,B,3.0
336,166,1,2022-01-07,2022-04-06,Dropped,C,
337,167,10,2021-11-17,2021-12-27,Dropped,C,4.0
338,167,3,2021-10-27,2021-12-10,In Progress,D,1.0
339,168,3,2022-08-10,2022-10-12,In Progress,A,
340,168,8,2022-10-04,2022-12-02,Enrolled,,1.0
341,168,6,2022-09-25,2022-11-01,Enrolled,C,2.0
342,169,9,2022-04-21,2022-06-17,In Progress,A,1.0
343,169,1,2022-07-14,2022-10-10,Enrolled,F,
344,169,3,2022-01-17,2022-03-31,Completed,F,4.0
345,170,2,2022-08-31,2022-10-27,In Progress,F,
346,171,9,2021-01-22,2021-04-08,Completed,F,
347,171,10,2021-08-09,2021-09-18,Enrolled,D,1.0
348,172,4,2021-01-17,2021-04-05,In Progress,A,
349,172,8,2021-02-24,2021-05-25,In Progress,F,
350,173,9,2020-11-01,2020-12-22,Completed,A,5.0
351,174,3,2021-11-25,2022-01-04,Enrolled,A,5.0
352,175,10,2023-03-14,2023-05-17,In Progress,,2.0
353,176,3,2022-05-21,2022-07-07,Completed,D,
354,176,1,2023-03-07,2023-04-19,In Progress,,1.0
355,176,5,2022-11-07,2022-12-30,In Progress,,2.0
356,177,1,2022-10-07,2022-11-19,Enrolled,C,2.0
357,177,3,2022-01-23,2022-03-02,Dropped,D,
358,177,10,2022-01-21,2022-04-05,Enrolled,B,
359,178,4,2021-07-20,2021-08-24,Dropped,C,4.0
360,178,1,2021-03-14,2021-05-08,In Progress,A,3.0
361,178,3,2021-09-05,2021-10-19,Dropped,D,
362,179,7,2022-02-05,2022-04-10,In Progress,B,1.0
363,179,2,2022-02-26,2022-04-07,Enrolled,D,4.0
364,180,7,2020-05-19,2020-07-25,In Progress,A,3.0
365,180,1,2020-07-03,2020-09-24,Completed,A,
366,181,3,2023-03-17,2023-04-21,In Progress,A,
367,181,10,2023-02-04,2023-03-06,Enrolled,C,
368,182,6,2023-01-25,2023-04-13,Enrolled,D,4.0
369,182,7,2022-08-21,2022-09-25,Dropped,C,
370,182,9,2022-07-04,2022-08-22,Completed,C,
371,183,1,2020-12-20,2021-01-31,Completed,F,2.0
372,183,8,2021-03-20,2021-05-15,Completed,A,
373,183,7,2021-04-30,2021-07-07,Dropped,B,
374,184,3,2021-12-28,2022-02-20,In Progress,D,1.0
375,185,3,2022-02-08,2022-04-29,Dropped,,3.0
376,185,5,2022-09-21,2022-11-25,Completed,C,1.0
377,186,9,2022-05-10,2022-07-26,Dropped,F,5.0
378,186,10,2022-03-06,2022-04-14,In Progress,,
379,186,1,2021-09-22,2021-12-03,Dropped,C,2.0
380,187,6,2021-03-09,2021-06-07,Dropped,B,
381,187,4,2020-11-14,2021-01-06,In Progress,B,3.0
382,187,3,2021-01-27,2021-04-27,Enrolled,,1.0
383,188,6,2020-12-11,2021-02-10,Dropped,A,
384,189,5,2020-10-20,2021-01-16,Completed,D,
385,189,6,2020-11-22,2021-01-16,Completed,,
386,189,8,2020-07-15,2020-09-06,In Progress,D,
387,190,8,2023-03-28,2023-06-25,Dropped,A,
388,190,5,2022-12-27,2023-03-24,Completed,B,2.0
389,190,7,2023-03-06,2023-04-23,Completed,A,5.0
390,191,10,2021-10-17,2021-11-21,Completed,B,
391,191,5,2021-12-01,2022-01-09,Completed,C,
392,192,5,2021-07-27,2021-09-02,In Progress,A,
393,192,8,2021-09-13,2021-10-21,In Progress,C,3.0
394,193,7,2022-04-16,2022-07-14,Completed,A,
395,194,9,2020-07-10,2020-10-08,Dropped,A,
396,194,4,2020-09-30,2020-12-25,Completed,B,4.0
397,194,10,2021-02-05,2021-04-02,In Progress,,
398,195,2,2021-05-11,2021-06-11,Enrolled,D,
399,196,3,2021-09-08,2021-10-13,Completed,,
400,197,9,2021-02-18,2021-04-09,In Progress,B,
401,198,5,2021-10-30,2022-01-19,Dropped,C,
402,198,3,2022-01-13,2022-04-09,Dropped,A,4.0
403,198,7,2021-05-24,2021-08-03,In Progress,,5.0
404,199,6,2021-03-04,2021-05-30,Dropped,D,
405,199,3,2021-01-17,2021-03-24,Dropped,D,
406,200,4,2022-11-28,2022-12-28,Enrolled,C,1.0
407,200,10,2023-02-19,2023-05-04,Completed,B,
408,201,2,2022-12-05,2023-02-14,Enrolled,A,2.0
409,201,1,2023-02-24,2023-05-19,In Progress,,1.0
410,201,6,2022-11-27,2023-01-07,Completed,D,1.0
411,202,1,2020-07-31,2020-10-05,Enrolled,B,
412,202,5,2021-01-01,2021-03-23,Enrolled,D,1.0
413,203,2,2020-12-02,2021-01-25,Completed,C,5.0
414,204,3,2021-04-14,2021-06-24,In Progress,F,
415,204,1,2020-10-15,2020-12-06,In Progress,,
416,205,6,2020-06-29,2020-08-08,In Progress,,
417,205,4,2020-08-09,2020-10-22,In Progress,F,1.0
418,205,9,2020-09-09,2020-11-01,Dropped,,3.0
419,206,3,2022-03-12,2022-05-08,Dropped,A,
420,207,8,2021-02-05,2021-03-12,Enrolled,F,
421,208,9,2022-02-14,2022-04-09,Dropped,A,2.0
422,209,1,2022-09-28,2022-11-28,Enrolled,B,
423,209,2,2022-11-11,2023-01-02,In Progress,F,1.0
424,210,7,2021-01-21,2021-04-16,Completed,D,
425,210,5,2020-08-03,2020-09-22,Dropped,C,2.0
426,211,4,2021-10-28,2021-12-06,In Progress,,1.0
427,212,5,2022-07-01,2022-09-04,In Progress,,2.0
428,212,10,2022-07-05,2022-08-29,Enrolled,D,5.0
429,212,3,2022-06-26,2022-08-08,Completed,,4.0
430,213,8,2020-10-29,2020-12-02,Enrolled,F,3.0
431,214,8,2021-07-14,2021-10-04,In Progress,A,
432,214,5,2021-10-30,2021-12-13,Completed,A,
433,215,1,2022-08-08,2022-09-21,Dropped,B,
434,216,1,2022-01-14,2022-02-27,Dropped,,
435,216,9,2022-01-07,2022-02-10,Completed,,
436,216,5,2022-02-22,2022-03-26,Completed,C,
437,217,2,2021-11-17,2021-12-22,Dropped,,
438,217,3,2021-06-18,2021-07-22,Completed,C,
439,217,10,2021-09-29,2021-10-30,Enrolled,F,
440,218,4,2023-04-28,2023-06-28,Completed,B,4.0
441,218,6,2022-07-22,2022-10-11,In Progress,A,
442,218,8,2022-10-16,2022-12-12,In Progress,,1.0
443,219,8,2022-03-30,2022-05-08,Completed,A,5.0
444,219,2,2022-06-17,2022-09-03,Dropped,F,
445,219,3,2022-10-07,2022-12-10,Dropped,D,5.0
446,220,8,2021-02-13,2021-04-11,Dropped,D,1.0
447,220,4,2021-09-25,2021-12-13,In Progress,B,
448,220,2,2021-10-20,2021-12-13,Enrolled,D,
449,221,10,2023-09-22,2023-11-25,Dropped,C,2.0
450,221,9,2023-09-13,2023-11-25,Completed,B,5.0
451,221,8,2022-12-10,2023-02-18,Dropped,C,
452,222,1,2022-03-24,2022-06-05,Completed,B,1.0
453,223,1,2021-08-01,2021-09-07,Enrolled,C,3.0
454,224,7,2022-07-20,2022-09-24,Dropped,C,
455,224,5,2022-03-01,2022-05-15,Enrolled,A,4.0
456,225,8,2022-10-20,2022-12-23,Dropped,D,
457,225,7,2022-10-14,2022-12-19,Dropped,F,
458,225,5,2022-10-20,2023-01-14,Enrolled,D,4.0
459,226,7,2021-10-08,2021-12-31,Completed,A,4.0
460,226,1,2021-10-02,2021-11-23,Completed,,4.0
461,227,1,2021-08-02,2021-10-18,Dropped,C,
462,228,3,2022-02-16,2022-03-25,Completed,B,
463,228,8,2022-05-01,2022-06-20,In Progress,A,
464,228,9,2022-11-06,2023-01-04,Enrolled,B,
465,229,2,2021-05-27,2021-07-06,Dropped,D,4.0
466,229,3,2021-01-30,2021-03-16,Enrolled,C,
467,230,10,2021-11-24,2022-01-18,Completed,C,
468,230,9,2021-08-25,2021-10-09,Completed,C,
469,230,6,2021-06-13,2021-08-29,In Progress,C,
470,231,5,2021-10-10,2021-11-16,Dropped,F,5.0
471,232,5,2022-01-14,2022-03-22,Dropped,C,5.0
472,233,7,2022-10-12,2022-12-14,In Progress,B,1.0
473,233,5,2023-08-03,2023-09-23,Dropped,B,
474,234,4,2020-12-09,2021-01-23,In Progress,A,5.0
475,234,9,2021-06-04,2021-07-12,Enrolled,,1.0
476,234,5,2021-06-21,2021-09-07,Enrolled,D,
477,235,9,2020-08-27,2020-10-14,Dropped,C,
478,235,6,2021-01-17,2021-04-08,In Progress,B,2.0
479,236,1,2020-10-13,2020-11-29,Dropped,C,
480,237,3,2022-10-07,2022-11-20,Enrolled,A,3.0
481,238,3,2020-05-28,2020-07-10,Dropped,C,
482,239,9,2022-12-19,2023-02-08,Completed,,
483,239,7,2022-09-14,2022-11-18,Dropped,A,1.0
484,240,6,2022-02-02,2022-03-16,Completed,,
485,240,9,2022-03-25,2022-05-18,In Progress,A,2.0
486,241,9,2021-09-05,2021-10-23,In Progress,B,
487,241,6,2021-08-12,2021-11-09,In Progress,A,2.0
488,241,1,2021-10-29,2021-12-27,Completed,B,
489,242,4,2022-03-04,2022-04-22,In Progress,,
490,242,2,2022-12-16,2023-02-10,Dropped,F,1.0
491,243,6,2022-01-22,2022-04-10,Enrolled,B,4.0
492,243,3,2022-02-20,2022-05-17,Completed,A,
493,243,5,2021-11-22,2022-01-03,Enrolled,C,3.0
494,244,3,2023-01-09,2023-03-14,Completed,A,2.0
495,245,10,2022-04-06,2022-05-27,In Progress,D,
496,245,5,2021-12-08,2022-01-19,In Progress,B,5.0
497,245,7,2022-01-15,2022-02-14,In Progress,A,3.0
498,246,10,2021-03-30,2021-05-12,Enrolled,B,2.0
499,246,2,2021-03-21,2021-05-06,Dropped,D,
500,247,2,2022-05-28,2022-08-16,Dropped,C,4.0
501,248,3,2022-06-23,2022-08-31,Completed,C,1.0
502,248,8,2021-11-11,2021-12-28,Completed,B,1.0
503,249,4,2022-11-13,2023-01-17,Completed,D,2.0
504,250,4,2021-05-18,2021-08-01,In Progress,A,5.0
505,251,8,2022-02-22,2022-05-14,Enrolled,A,
506,251,2,2021-07-23,2021-09-01,In Progress,C,3.0
507,252,8,2021-12-15,2022-03-13,Completed,,
508,253,2,2021-09-19,2021-12-10,Completed,D,5.0
509,253,8,2022-02-09,2022-05-09,In Progress,C,4.0
510,253,9,2021-10-09,2021-12-18,In Progress,F,
511,254,8,2022-02-09,2022-03-20,Completed,F,2.0
512,255,6,2021-02-22,2021-03-26,Completed,D,
513,256,5,2021-07-12,2021-09-11,In Progress,,4.0
514,256,10,2021-12-26,2022-03-15,Enrolled,B,2.0
515,256,3,2021-04-20,2021-05-25,Enrolled,A,
516,257,1,2021-12-02,2022-01-27,Enrolled,,4.0
517,257,4,2021-03-19,2021-06-12,Dropped,C,2.0
518,257,6,2021-12-25,2022-02-02,Completed,A,
519,258,6,2022-05-19,2022-07-19,Enrolled,B,2.0
520,258,3,2022-12-01,2023-03-01,Dropped,,
521,258,10,2022-07-29,2022-09-11,Dropped,B,1.0
522,259,5,2021-12-12,2022-01-18,Dropped,B,
523,259,3,2022-03-13,2022-05-25,Completed,F,
524,260,4,2020-09-26,2020-12-09,In Progress,B,
525,261,5,2021-10-13,2021-12-01,Dropped,F,
526,261,8,2021-10-10,2021-11-26,Dropped,A,1.0
527,262,10,2021-07-24,2021-10-05,Completed,A,
528,262,7,2021-02-12,2021-05-03,Dropped,D,
529,263,3,2021-11-11,2022-01-22,In Progress,B,
530,263,7,2021-07-22,2021-09-04,Completed,B,
531,263,9,2021-09-02,2021-11-01,Completed,B,3.0
532,264,3,2022-07-29,2022-10-23,Dropped,C,2.0
533,264,1,2023-04-23,2023-05-31,Enrolled,,
534,264,7,2023-04-07,2023-06-22,In Progress,B,
535,265,2,2022-01-07,2022-04-06,Dropped,B,2.0
536,266,6,2020-08-31,2020-10-27,In Progress,D,4.0
537,266,10,2020-07-31,2020-10-21,Completed,,1.0
538,266,7,2020-12-10,2021-02-02,Enrolled,C,
539,267,9,2022-06-21,2022-08-02,In Progress,,2.0
540,267,1,2023-04-03,2023-06-06,Enrolled,A,
541,267,6,2023-02-20,2023-04-25,In Progress,,1.0
542,268,2,2022-11-29,2023-02-27,In Progress,A,
543,268,3,2023-03-12,2023-05-13,Enrolled,,
544,268,9,2023-07-14,2023-08-22,Dropped,F,
545,269,8,2021-02-27,2021-04-04,Enrolled,F,
546,269,7,2021-07-07,2021-09-10,Enrolled,D,
547,269,5,2021-07-29,2021-10-15,In Progress,,1.0
548,270,3,2023-01-11,2023-03-10,Dropped,B,
549,270,9,2023-01-23,2023-03-14,Dropped,,
550,271,7,2022-09-01,2022-11-08,Dropped,,2.0
551,271,5,2022-12-01,2023-02-11,In Progress,A,4.0
552,272,3,2020-10-30,2020-12-11,In Progress,A,
553,273,2,2020-10-12,2020-12-20,Completed,F,1.0
554,273,1,2020-12-12,2021-02-26,Dropped,F,1.0
555,273,5,2021-03-19,2021-06-12,Dropped,B,
556,274,10,2023-08-23,2023-10-02,In Progress,A,1.0
557,274,5,2023-01-14,2023-04-10,Dropped,D,
558,274,2,2022-10-04,2022-12-20,In Progress,,1.0
559,275,6,2020-12-19,2021-03-06,In Progress,F,
560,276,9,2022-03-07,2022-04-18,Enrolled,A,
561,277,1,2022-09-27,2022-11-11,In Progress,F,3.0
562,277,6,2023-02-19,2023-05-04,In Progress,D,5.0
563,277,3,2023-03-21,2023-04-23,Enrolled,D,
564,278,7,2022-06-06,2022-09-03,In Progress,B,5.0
565,278,3,2022-02-08,2022-05-05,Dropped,,2.0
566,278,8,2022-06-30,2022-08-25,Enrolled,F,
567,279,2,2021-11-29,2022-01-23,Dropped,A,4.0
568,279,9,2022-06-09,2022-07-28,Enrolled,A,2.0
569,279,7,2021-11-18,2022-01-29,In Progress,B,5.0
570,280,2,2021-11-23,2022-02-15,In Progress,C,4.0
571,281,10,2022-05-06,2022-07-20,Enrolled,D,
572,281,2,2022-07-31,2022-09-23,Enrolled,,4.0
573,281,8,2022-10-09,2022-12-24,Completed,F,1.0
574,282,9,2023-06-26,2023-09-16,Completed,B,5.0
575,282,10,2022-09-30,2022-11-28,Dropped,D,4.0
576,282,2,2023-04-10,2023-06-23,Enrolled,C,
577,283,9,2020-08-13,2020-10-24,Dropped,B,2.0
578,283,4,2020-09-03,2020-10-27,Completed,,
579,283,5,2020-11-15,2021-01-08,In Progress,F,
580,284,2,2023-03-23,2023-05-05,Completed,F,3.0
581,284,3,2023-01-19,2023-03-04,Completed,,
582,284,6,2023-06-23,2023-09-01,Enrolled,D,
583,285,10,2022-02-27,2022-03-30,Dropped,C,
584,286,10,2022-01-12,2022-03-10,Completed,A,
585,287,10,2020-12-09,2021-02-12,Enrolled,F,
586,287,7,2021-05-04,2021-07-16,Dropped,C,
587,287,8,2021-10-10,2022-01-02,Completed,D,
588,288,9,2021-06-11,2021-08-31,Completed,A,
589,289,4,2021-01-03,2021-03-07,Completed,B,
590,289,5,2021-03-07,2021-05-10,Enrolled,D,
591,290,9,2020-09-26,2020-11-15,Enrolled,F,5.0
592,290,1,2020-11-18,2021-02-12,Enrolled,C,1.0
593,290,5,2020-05-17,2020-06-26,Dropped,B,
594,291,7,2021-09-23,2021-11-10,Enrolled,A,3.0
595,292,5,2021-02-22,2021-03-24,In Progress,,3.0
596,292,6,2021-07-06,2021-08-24,In Progress,F,
597,292,2,2021-03-15,2021-06-06,Enrolled,F,
598,293,4,2021-02-16,2021-05-16,Dropped,C,1.0
599,293,1,2020-12-02,2021-01-14,Enrolled,,
600,294,7,2021-04-16,2021-07-11,Completed,,1.0
601,294,10,2020-12-17,2021-02-09,Completed,A,
602,294,2,2021-04-02,2021-05-14,Dropped,F,
603,295,8,2023-01-27,2023-04-15,Dropped,,1.0
604,295,1,2023-02-10,2023-04-11,In Progress,D,1.0
605,296,4,2023-05-24,2023-07-16,Enrolled,A,3.0
606,297,5,2021-04-15,2021-06-22,Enrolled,D,
607,297,10,2021-06-27,2021-09-07,Completed,D,
608,298,3,2020-09-20,2020-11-13,In Progress,B,3.0
609,298,5,2021-02-24,2021-05-04,Dropped,D,3.0
610,299,3,2022-03-07,2022-04-13,Enrolled,C,2.0
611,299,10,2022-10-26,2023-01-05,Completed,D,3.0
612,300,5,2022-01-17,2022-03-07,Completed,,
613,300,8,2022-01-08,2022-03-17,In Progress,F,
614,301,3,2022-04-01,2022-06-04,In Progress,C,4.0
615,301,2,2022-01-14,2022-02-21,Completed,C,
616,302,2,2020-08-11,2020-10-24,Enrolled,A,4.0
617,303,3,2021-04-21,2021-07-19,Enrolled,,
618,304,3,2023-07-20,2023-09-17,Dropped,B,
619,305,9,2021-10-12,2021-12-20,Completed,F,
620,305,10,2021-11-19,2022-01-23,Completed,B,5.0
621,306,5,2022-07-19,2022-10-02,Completed,A,
622,306,3,2022-07-07,2022-09-07,Completed,D,
623,306,6,2023-03-19,2023-04-23,Dropped,A,3.0
624,307,9,2021-06-03,2021-07-06,Completed,C,3.0
625,308,8,2020-07-15,2020-09-13,In Progress,C,3.0
626,308,5,2020-05-11,2020-06-29,Dropped,F,
627,309,8,2021-01-10,2021-03-03,Completed,,
628,310,5,2021-10-08,2021-12-31,In Progress,A,
629,311,8,2021-02-11,2021-04-16,Enrolled,B,1.0
630,312,4,2020-07-04,2020-09-16,In Progress,B,4.0
631,312,7,2020-06-18,2020-08-19,Dropped,F,5.0
632,312,2,2020-07-03,2020-08-24,In Progress,D,
633,313,1,2020-11-13,2021-02-03,Dropped,B,
634,314,2,2021-01-22,2021-03-21,Completed,D,
635,314,6,2021-03-09,2021-06-06,Completed,,4.0
636,314,3,2021-08-10,2021-09-12,Enrolled,F,3.0
637,315,8,2021-01-13,2021-03-01,Dropped,D,4.0
638,315,4,2021-03-31,2021-06-16,Dropped,B,
639,316,2,2022-09-24,2022-12-15,Dropped,B,
640,316,5,2022-12-18,2023-02-26,Dropped,C,
641,316,4,2022-07-05,2022-09-12,Enrolled,,1.0
642,317,9,2021-09-07,2021-11-11,Completed,D,5.0
643,318,9,2020-09-22,2020-12-14,Completed,B,1.0
644,319,10,2022-07-19,2022-08-28,Completed,D,
645,319,7,2022-11-12,2023-01-30,Completed,F,
646,319,5,2022-12-17,2023-02-08,Dropped,B,
647,320,6,2023-03-28,2023-05-05,Enrolled,F,2.0
648,320,10,2022-09-16,2022-10-20,Dropped,,
649,321,9,2020-11-21,2021-01-23,In Progress,,
650,321,2,2020-08-01,2020-09-29,Enrolled,C,
651,321,3,2020-11-02,2021-01-30,Completed,A,
652,322,7,2022-10-01,2022-12-18,In Progress,F,
653,323,2,2021-02-28,2021-05-09,Enrolled,B,
654,323,10,2021-06-19,2021-09-11,Enrolled,A,5.0
655,323,3,2021-07-18,2021-10-09,Enrolled,C,
656,324,1,2020-08-16,2020-10-13,Dropped,F,3.0
657,324,10,2020-12-02,2021-01-10,Dropped,D,2.0
658,324,3,2021-01-01,2021-02-05,Completed,,4.0
659,325,1,2022-05-11,2022-07-23,Dropped,A,1.0
660,325,6,2022-12-27,2023-02-10,Enrolled,A,5.0
661,325,4,2022-05-11,2022-08-03,Dropped,C,3.0
662,326,2,2023-05-28,2023-06-29,Enrolled,,
663,326,4,2023-07-22,2023-10-11,Enrolled,F,1.0
664,327,6,2021-01-08,2021-02-26,In Progress,,
665,327,1,2021-02-13,2021-04-09,Enrolled,C,
666,328,7,2022-10-12,2022-11-19,Dropped,A,3.0
667,329,10,2021-08-27,2021-10-18,In Progress,F,1.0
668,329,7,2022-03-28,2022-05-18,Completed,D,3.0
669,329,4,2022-04-01,2022-05-19,Dropped,,1.0
670,330,6,2022-04-02,2022-06-08,Dropped,F,3.0
671,330,7,2022-05-27,2022-08-15,Enrolled,A,
672,330,9,2022-04-28,2022-06-12,Dropped,,2.0
673,331,4,2022-04-19,2022-06-17,Enrolled,B,
674,331,8,2022-12-14,2023-02-06,Dropped,A,
675,331,9,2022-05-23,2022-07-10,In Progress,F,4.0
676,332,5,2020-11-16,2020-12-20,Enrolled,A,
677,332,2,2020-10-01,2020-12-10,In Progress,C,
678,333,5,2023-01-06,2023-02-12,Enrolled,B,2.0
679,333,1,2023-03-07,2023-04-19,Enrolled,C,4.0
680,334,4,2021-02-22,2021-05-22,Enrolled,C,
681,334,7,2021-05-03,2021-07-01,Enrolled,F,5.0
682,335,4,2022-09-16,2022-11-11,Enrolled,D,
683,335,1,2022-06-19,2022-08-04,Enrolled,F,2.0
684,336,9,2020-09-13,2020-12-07,Completed,C,2.0
685,336,5,2020-10-13,2020-12-16,Dropped,B,
686,336,8,2020-06-30,2020-08-28,Completed,B,4.0
687,337,9,2021-04-24,2021-07-16,Completed,,2.0
688,337,2,2021-03-15,2021-06-13,In Progress,F,5.0
689,337,10,2021-06-19,2021-08-01,Dropped,D,
690,338,4,2023-02-07,2023-03-27,Dropped,D,3.0
691,338,10,2022-09-01,2022-10-15,Enrolled,F,5.0
692,338,9,2022-09-10,2022-12-09,Completed,B,
693,339,3,2020-12-30,2021-02-06,Dropped,B,
694,340,3,2022-12-10,2023-01-13,In Progress,B,5.0
695,340,1,2022-08-15,2022-10-30,Completed,D,
696,341,1,2022-05-16,2022-08-02,Completed,A,1.0
697,342,8,2020-12-25,2021-02-06,In Progress,C,
698,342,5,2020-07-11,2020-10-02,Enrolled,A,
699,342,2,2021-01-20,2021-03-10,Enrolled,,2.0
700,343,9,2021-03-31,2021-06-06,Dropped,B,
701,343,8,2021-07-25,2021-10-18,Dropped,B,2.0
702,344,2,2021-12-06,2022-02-24,In Progress,B,
703,344,8,2021-07-14,2021-08-29,In Progress,B,
704,345,2,2022-01-20,2022-04-13,Enrolled,A,3.0
705,346,9,2021-12-04,2022-02-16,Dropped,B,4.0
706,346,7,2021-10-21,2021-11-29,Dropped,D,1.0
707,347,1,2022-10-18,2022-12-25,Completed,B,
708,348,3,2023-01-26,2023-03-20,In Progress,D,1.0
709,348,2,2022-09-29,2022-11-27,Dropped,F,
710,349,1,2020-05-24,2020-07-24,In Progress,B,
711,350,1,2020-11-06,2021-01-14,Dropped,A,1.0
712,350,10,2021-06-19,2021-08-16,In Progress,B,1.0
713,350,8,2020-10-31,2021-01-03,Dropped,F,5.0
714,351,2,2022-03-15,2022-04-23,In Progress,A,3.0
715,351,7,2021-12-13,2022-03-08,Completed,,
716,352,8,2020-09-26,2020-12-01,In Progress,F,4.0
717,353,8,2021-08-10,2021-09-28,In Progress,D,2.0
718,354,5,2021-02-12,2021-05-07,In Progress,B,
719,355,2,2021-03-25,2021-05-19,Enrolled,B,
720,356,4,2021-12-08,2022-01-24,Enrolled,B,5.0
721,357,5,2020-10-23,2021-01-17,In Progress,D,2.0
722,357,8,2020-05-27,2020-07-22,Completed,C,2.0
723,358,8,2021-09-16,2021-10-21,Dropped,F,
724,359,9,2023-03-09,2023-06-07,Completed,,
725,359,1,2023-08-17,2023-10-20,Completed,A,
726,359,3,2022-11-09,2022-12-17,Enrolled,A,3.0
727,360,10,2023-06-01,2023-08-04,Dropped,,
728,360,2,2023-08-30,2023-11-19,Dropped,C,
729,360,3,2023-08-04,2023-09-30,Dropped,B,4.0
730,361,1,2022-05-17,2022-07-19,Completed,C,
731,361,10,2022-01-13,2022-02-13,In Progress,D,5.0
732,362,10,2022-06-16,2022-08-16,Completed,F,1.0
733,363,5,2022-05-03,2022-06-27,In Progress,D,2.0
734,363,1,2022-09-21,2022-11-04,Completed,F,
735,364,7,2020-06-22,2020-08-23,In Progress,A,5.0
736,364,5,2021-02-27,2021-04-24,Completed,C,
737,364,8,2020-09-05,2020-10-14,Enrolled,B,2.0
738,365,8,2020-09-23,2020-12-17,Enrolled,C,
739,366,4,2021-01-30,2021-03-01,Enrolled,A,5.0
740,367,7,2023-04-25,2023-06-23,In Progress,F,5.0
741,367,4,2022-10-03,2022-11-02,Enrolled,A,
742,367,5,2022-11-30,2023-01-24,Enrolled,A,4.0
743,368,3,2023-01-11,2023-02-22,Dropped,,
744,368,4,2023-03-15,2023-04-16,Dropped,A,
745,368,10,2022-10-03,2022-12-06,Enrolled,F,
746,369,5,2021-06-20,2021-07-22,Enrolled,A,
747,369,7,2021-06-07,2021-07-22,Dropped,A,2.0
748,370,2,2023-05-06,2023-07-31,Enrolled,C,5.0
749,370,10,2023-05-23,2023-08-02,Completed,,
750,371,9,2021-05-10,2021-07-30,Completed,B,2.0
751,371,3,2021-06-11,2021-07-27,Enrolled,A,
752,372,6,2021-01-06,2021-02-22,Dropped,D,4.0
753,373,7,2021-08-19,2021-10-25,Completed,D,
754,373,5,2021-11-08,2021-12-17,Enrolled,A,5.0
755,374,5,2022-10-14,2022-12-29,Enrolled,B,5.0
756,375,3,2022-07-10,2022-08-23,Dropped,F,
757,376,3,2020-09-13,2020-10-22,Enrolled,F,
758,377,2,2021-03-10,2021-06-05,In Progress,D,3.0
759,377,8,2021-08-17,2021-09-28,Dropped,C,2.0
760,377,5,2021-03-20,2021-05-18,Enrolled,A,
761,378,3,2023-04-28,2023-06-03,In Progress,F,
762,379,9,2020-04-27,2020-07-09,Dropped,A,3.0
763,380,10,2021-05-07,2021-07-18,Dropped,A,1.0
764,380,1,2021-08-06,2021-10-13,In Progress,B,3.0
765,381,7,2021-06-30,2021-08-04,In Progress,F,5.0
766,381,1,2021-08-15,2021-10-13,Enrolled,A,2.0
767,382,3,2020-12-08,2021-02-23,Dropped,A,
768,383,3,2020-05-28,2020-08-07,Completed,F,
769,384,8,2022-08-31,2022-10-27,Completed,B,
770,385,7,2022-06-10,2022-08-20,In Progress,B,
771,385,1,2022-08-07,2022-09-20,Completed,D,1.0
772,386,2,2021-10-11,2021-12-03,Dropped,,3.0
773,386,6,2022-06-16,2022-09-08,In Progress,C,3.0
774,386,4,2022-07-20,2022-09-14,Enrolled,D,
775,387,3,2021-03-12,2021-05-28,In Progress,D,4.0
776,387,10,2021-09-08,2021-10-08,Dropped,D,
777,387,6,2021-07-18,2021-10-15,Dropped,B,3.0
778,388,10,2021-04-15,2021-07-10,Dropped,F,
779,389,5,2022-10-16,2023-01-07,Enrolled,,5.0
780,389,10,2022-03-21,2022-05-30,In Progress,C,1.0
781,389,8,2022-09-18,2022-12-16,Enrolled,F,
782,390,10,2022-06-30,2022-08-07,In Progress,C,
783,390,8,2022-08-02,2022-09-20,Enrolled,C,
784,390,5,2022-10-27,2022-12-31,In Progress,A,1.0
785,391,7,2021-08-29,2021-11-14,Completed,B,
786,391,5,2021-03-04,2021-05-09,In Progress,A,
787,392,5,2021-12-02,2022-01-07,Dropped,B,5.0
788,392,10,2021-12-14,2022-02-11,In Progress,A,
789,392,2,2022-01-27,2022-03-17,In Progress,C,
790,393,9,2021-02-07,2021-04-11,Completed,F,
791,393,3,2021-02-11,2021-03-14,Dropped,D,
792,393,2,2020-05-22,2020-07-13,Enrolled,A,2.0
793,394,3,2021-04-07,2021-05-26,In Progress,,
794,395,3,2020-06-08,2020-09-01,Enrolled,A,
795,396,5,2021-01-03,2021-03-21,Dropped,A,4.0
796,397,2,2022-05-08,2022-08-01,Dropped,A,2.0
797,398,1,2021-05-26,2021-07-01,Dropped,F,1.0
798,399,5,2021-09-15,2021-12-14,Enrolled,B,
799,400,2,2020-05-26,2020-08-12,Dropped,,5.0
800,400,4,2020-11-26,2021-02-12,Dropped,A,4.0
801,401,6,2021-03-01,2021-05-18,Enrolled,,
802,402,10,2021-06-22,2021-08-09,Dropped,F,
803,403,1,2022-06-30,2022-08-12,Dropped,C,3.0
804,403,2,2023-02-17,2023-03-29,Enrolled,A,
805,404,9,2021-12-07,2022-02-18,Dropped,F,4.0
806,405,8,2021-05-04,2021-07-21,Enrolled,,4.0
807,406,7,2020-12-20,2021-02-15,Enrolled,F,5.0
808,407,3,2020-10-07,2020-12-19,Dropped,C,
809,407,10,2021-03-04,2021-05-22,Enrolled,F,4.0
810,408,4,2023-03-23,2023-06-17,Dropped,F,1.0
811,408,1,2022-11-07,2023-01-27,Completed,F,5.0
812,409,6,2021-02-27,2021-03-31,Enrolled,B,
813,409,8,2020-11-13,2020-12-25,In Progress,B,
814,410,3,2020-11-04,2020-12-29,Enrolled,D,
815,411,6,2021-07-05,2021-09-15,Dropped,A,
816,411,8,2021-07-28,2021-10-09,Completed,A,
817,411,5,2021-10-27,2022-01-09,Enrolled,B,
818,412,3,2022-08-12,2022-10-28,Enrolled,D,
819,412,2,2022-09-27,2022-11-20,Enrolled,A,
820,412,6,2022-07-19,2022-08-31,In Progress,C,5.0
821,413,3,2020-12-07,2021-02-19,Enrolled,F,5.0
822,413,5,2020-10-30,2020-12-17,Completed,F,2.0
823,414,1,2021-11-15,2022-02-11,Enrolled,,
824,415,2,2022-10-01,2022-11-02,In Progress,A,
825,415,1,2022-07-12,2022-09-04,Dropped,,
826,415,6,2023-03-14,2023-05-07,Completed,D,2.0
827,416,10,2022-04-30,2022-07-04,Enrolled,A,3.0
828,416,6,2021-12-01,2022-02-21,Enrolled,C,
829,416,4,2022-06-26,2022-08-11,In Progress,D,
830,417,6,2023-04-19,2023-06-03,Completed,C,2.0
831,418,2,2023-01-19,2023-04-10,Enrolled,B,5.0
832,418,8,2023-02-10,2023-04-29,Dropped,F,3.0
833,418,9,2023-02-05,2023-03-23,In Progress,D,5.0
834,419,3,2020-11-26,2020-12-27,In Progress,C,
835,419,4,2020-12-22,2021-03-10,Completed,C,
836,420,8,2020-06-07,2020-07-29,Enrolled,D,1.0
837,420,3,2021-01-10,2021-02-22,Enrolled,F,
838,421,6,2022-08-12,2022-11-01,Completed,,
839,422,4,2021-04-12,2021-05-18,Dropped,C,
840,422,8,2021-04-18,2021-06-20,Enrolled,B,
841,422,1,2021-05-23,2021-08-13,Enrolled,C,
842,423,8,2021-03-28,2021-05-07,In Progress,C,
843,423,3,2021-09-20,2021-12-02,Dropped,B,
844,423,7,2021-06-06,2021-08-10,Completed,A,
845,424,7,2021-10-08,2021-11-07,Dropped,,
846,424,5,2021-11-13,2021-12-22,Dropped,A,3.0
847,425,9,2021-12-18,2022-02-16,Dropped,,3.0
848,426,3,2021-05-31,2021-08-22,Dropped,F,4.0
849,426,4,2020-09-30,2020-12-20,Completed,F,
850,426,7,2021-07-14,2021-09-25,In Progress,B,3.0
851,427,4,2021-05-29,2021-07-20,Enrolled,,4.0
852,427,5,2021-09-05,2021-11-10,Dropped,,3.0
853,428,8,2020-03-30,2020-05-19,In Progress,,
854,428,7,2020-10-22,2020-12-19,Enrolled,,
855,428,5,2020-12-07,2021-02-13,Dropped,D,
856,429,5,2023-02-10,2023-05-05,Enrolled,F,2.0
857,429,3,2023-03-28,2023-05-13,In Progress,B,
858,430,7,2021-07-12,2021-09-09,In Progress,B,2.0
859,431,3,2022-06-24,2022-07-30,Enrolled,A,
860,432,8,2021-06-28,2021-08-04,Dropped,A,
861,432,7,2020-11-14,2020-12-17,Completed,B,
862,433,5,2020-06-20,2020-09-11,Dropped,F,1.0
863,434,3,2022-02-01,2022-04-09,Enrolled,B,2.0
864,434,2,2021-07-14,2021-10-09,In Progress,,
865,435,9,2022-06-30,2022-08-10,Dropped,C,
866,435,1,2022-03-25,2022-04-27,Dropped,F,1.0
867,435,2,2022-10-02,2022-11-30,Enrolled,B,4.0
868,436,8,2022-03-29,2022-06-23,Completed,,1.0
869,437,10,2020-06-07,2020-07-18,Dropped,D,3.0
870,437,4,2020-07-14,2020-09-06,In Progress,A,
871,438,10,2022-03-21,2022-06-09,Dropped,D,5.0
872,439,9,2021-08-20,2021-10-25,Enrolled,,
873,440,5,2021-06-24,2021-09-18,Completed,F,
874,440,1,2021-05-30,2021-08-12,In Progress,,2.0
875,441,3,2021-10-07,2021-12-10,Enrolled,B,4.0
876,441,8,2021-10-28,2021-12-19,Enrolled,C,
877,442,3,2021-03-30,2021-06-13,Dropped,D,
878,443,6,2021-11-07,2022-01-11,Completed,C,5.0
879,443,3,2022-04-21,2022-06-06,Completed,A,
880,443,8,2021-08-14,2021-10-15,Dropped,C,4.0
881,444,8,2022-06-15,2022-07-25,Enrolled,F,1.0
882,444,6,2023-03-20,2023-06-11,In Progress,F,2.0
883,444,7,2022-09-07,2022-11-25,Enrolled,C,
884,445,10,2021-12-06,2022-01-22,Completed,F,5.0
885,446,3,2022-09-09,2022-10-31,In Progress,B,2.0
886,447,3,2022-10-24,2022-12-15,Enrolled,A,3.0
887,448,6,2022-07-11,2022-09-18,In Progress,C,
888,448,10,2022-10-29,2023-01-17,Enrolled,B,
889,448,1,2023-03-07,2023-05-08,Completed,,5.0
890,449,4,2022-09-26,2022-12-21,In Progress,C,4.0
891,450,10,2023-03-27,2023-05-04,Enrolled,F,3.0
892,451,9,2020-05-03,2020-07-25,Completed,C,2.0
893,451,4,2020-12-21,2021-01-23,Dropped,C,
894,451,2,2020-08-07,2020-11-03,In Progress,A,2.0
895,452,8,2021-05-17,2021-06-28,Enrolled,D,
896,453,10,2021-12-08,2022-01-17,Enrolled,A,
897,453,6,2021-10-20,2021-12-27,Completed,,5.0
898,454,8,2022-06-16,2022-08-24,Enrolled,F,2.0
899,455,8,2022-10-13,2022-11-18,Dropped,C,4.0
900,455,2,2022-08-22,2022-11-20,Dropped,C,
901,456,3,2023-09-07,2023-12-04,Dropped,C,
902,456,9,2022-12-11,2023-03-08,In Progress,,5.0
903,457,2,2021-09-09,2021-10-10,Enrolled,F,5.0
904,457,8,2021-09-29,2021-11-18,In Progress,C,2.0
905,458,2,2022-01-01,2022-02-22,In Progress,C,
906,459,6,2022-11-30,2023-01-16,In Progress,,1.0
907,460,2,2022-06-10,2022-08-12,Dropped,D,
908,460,5,2023-04-07,2023-05-15,Completed,D,3.0
909,460,4,2022-09-21,2022-12-15,In Progress,B,5.0
910,461,4,2022-02-08,2022-04-29,Enrolled,F,1.0
911,461,5,2021-10-09,2021-12-27,Dropped,D,4.0
912,461,6,2022-01-15,2022-03-26,Dropped,F,2.0
913,462,3,2021-03-15,2021-05-21,Dropped,C,3.0
914,463,1,2021-04-14,2021-06-28,Completed,D,
915,463,3,2020-09-16,2020-12-11,Completed,,
916,463,6,2021-05-14,2021-07-16,In Progress,,3.0
917,464,7,2020-10-11,2020-12-30,In Progress,A,
918,464,8,2020-10-07,2020-12-06,In Progress,,3.0
919,464,3,2020-08-21,2020-11-18,In Progress,,
920,465,6,2021-10-21,2021-12-25,In Progress,B,3.0
921,465,2,2021-07-31,2021-10-17,Enrolled,F,3.0
922,465,7,2022-06-17,2022-08-11,In Progress,C,
923,466,9,2022-04-12,2022-05-24,Completed,B,1.0
924,467,3,2022-02-17,2022-05-17,Completed,A,
925,468,10,2021-04-03,2021-06-10,Dropped,D,4.0
926,468,3,2021-04-17,2021-05-25,Dropped,D,3.0
927,468,1,2021-09-19,2021-12-10,Enrolled,F,
928,469,4,2021-12-04,2022-02-02,Completed,,1.0
929,469,3,2022-02-26,2022-05-06,Enrolled,A,5.0
930,470,4,2022-03-05,2022-05-22,In Progress,F,2.0
931,471,5,2021-10-19,2021-11-23,Enrolled,F,4.0
932,472,1,2023-01-08,2023-02-08,In Progress,D,
933,473,1,2022-03-14,2022-05-08,Enrolled,,
934,473,6,2021-11-19,2022-01-18,Dropped,B,
935,473,7,2022-03-15,2022-04-27,Completed,A,5.0
936,474,4,2021-05-29,2021-07-10,Completed,D,4.0
937,474,8,2021-10-05,2021-12-16,In Progress,B,2.0
938,475,7,2022-10-18,2022-11-17,Completed,C,4.0
939,476,3,2021-06-23,2021-08-16,Completed,C,
940,476,4,2021-07-02,2021-09-28,In Progress,D,4.0
941,477,7,2021-10-15,2021-12-14,Dropped,A,
942,477,9,2021-07-28,2021-10-16,Completed,F,
943,478,10,2022-02-18,2022-05-11,Completed,D,4.0
944,479,6,2022-05-04,2022-07-08,Dropped,A,4.0
945,479,2,2022-06-29,2022-09-06,In Progress,B,
946,480,3,2022-01-02,2022-03-08,In Progress,D,
947,480,1,2021-12-23,2022-03-12,Completed,A,
948,480,10,2021-11-03,2021-12-17,Completed,C,
949,481,4,2021-06-13,2021-08-18,Completed,D,2.0
950,481,9,2021-05-28,2021-08-21,Completed,F,
951,482,4,2021-05-05,2021-07-09,Enrolled,C,
952,482,7,2020-12-30,2021-02-10,Dropped,,
953,482,3,2020-11-04,2021-01-14,Enrolled,A,
954,483,9,2021-04-09,2021-06-18,Completed,D,
955,484,2,2021-06-17,2021-09-01,Completed,B,
956,485,10,2021-01-29,2021-04-18,In Progress,D,3.0
957,485,1,2020-11-11,2020-12-14,Completed,D,
958,485,9,2020-05-25,2020-07-12,In Progress,D,
959,486,4,2022-01-28,2022-03-24,Dropped,A,
960,486,8,2022-12-01,2023-02-23,Completed,D,
961,487,8,2021-02-14,2021-05-03,In Progress,D,3.0
962,487,3,2020-12-30,2021-03-26,Enrolled,F,
963,488,10,2021-07-21,2021-09-17,Dropped,,5.0
964,488,1,2021-07-01,2021-07-31,Completed,C,4.0
965,488,9,2022-04-03,2022-06-25,Dropped,A,
966,489,6,2022-09-04,2022-11-21,Dropped,A,
967,490,4,2022-08-19,2022-10-16,Completed,D,2.0
968,491,7,2020-11-04,2021-01-14,Dropped,,1.0
969,492,8,2022-09-30,2022-12-28,In Progress,B,4.0
970,492,2,2022-07-22,2022-10-16,Dropped,F,
971,493,10,2020-02-13,2020-05-02,Dropped,F,
972,494,4,2022-08-15,2022-10-27,Enrolled,D,
973,494,9,2022-06-13,2022-08-18,Dropped,B,
974,495,3,2021-04-05,2021-05-06,Completed,,
975,495,9,2020-09-24,2020-12-17,Completed,F,2.0
976,495,8,2020-11-12,2021-01-25,Dropped,A,
977,496,9,2022-05-21,2022-08-14,Dropped,,
978,496,7,2021-08-30,2021-10-25,Dropped,B,1.0
979,496,2,2021-09-19,2021-11-13,In Progress,F,4.0
980,497,10,2021-04-03,2021-05-14,Enrolled,,4.0
981,498,9,2021-07-23,2021-09-17,Completed,B,4.0
982,499,8,2020-07-24,2020-09-26,Dropped,C,
983,500,7,2022-10-22,2022-12-09,In Progress,A,5.0
